카테고리,음식_링크,음식_이름,이미지_링크,필수재료,칼로리(kcal),탄수화물(g),단백질(g),총 지방(g)
밥,https://ottogi.okitchen.co.kr/category/detail.asp?page=1&s_cate1=1&s_cate2=2&s_orderby=new&idx=1379,칰햄 돈부리,https://ottogi.okitchen.co.kr/pds/upfile/2023-04-11_489629280[5].jpg,"['칰햄 오리지널 1캔(200g), 간장 4T(40g), 양파 1개, 설탕 2T(20g), 계란 2개, 물 100ml, 대파 1대(80g), 오뚜기밥 2개, 청양고추 1개(10g), 고소한 참기름 1T, 옛날 볶음참깨 약간']",699.4,94.1,33,22.2
밥,https://ottogi.okitchen.co.kr/category/detail.asp?page=1&s_cate1=1&s_cate2=2&s_orderby=new&idx=1377,닭고기크림스튜,https://ottogi.okitchen.co.kr/pds/upfile/2023-04-11_489629280[1].jpg,"['닭다리살 350g, 프레스코 카놀라유 2T(30g),마늘 2개(8g), 크림스프 40g, 양파 1개(200g), 우유 200ml, 당근 1/5개(30g), 물 200ml, 브로콜리 6조각(90g), 소금 약간, 양송이버섯 4개(80g), 순후추 약간']",573.24,37.61,41.08,29.02
밥,https://ottogi.okitchen.co.kr/category/detail.asp?page=1&s_cate1=1&s_cate2=2&s_orderby=new&idx=1376,카레 치즈라면,https://ottogi.okitchen.co.kr/pds/upfile/2023-03-07_752536584[9].jpg,"['진라면 매운맛 1개(분말스프 1T), 3분카레(순한맛) 1봉, 슬라이스치즈 1장(20g), 물 550ml, 파슬리가루 약간']",337.2,102.96,20.54,24.84
밥,https://ottogi.okitchen.co.kr/category/detail.asp?page=1&s_cate1=1&s_cate2=2&s_orderby=new&idx=1374,돈까스 김밥,https://ottogi.okitchen.co.kr/pds/upfile/2023-03-07_752536584[5].jpg,"['등심돈까스 1개(100g), 참깨 돈까스소스 2T(30g), 오뚜기밥 1개(210g), 단무지 40g, 계란 2개, 생와사비 약간, 소금 1g, 고소한 참기름 1t(3g), 골드마요네스 1T(15g), 로메인 4장(40g), 식용유 약간(유탕용), 김밥용 김 2장(6g)']",392.61,50.93,10.44,13.08
밥,https://ottogi.okitchen.co.kr/category/detail.asp?page=1&s_cate1=1&s_cate2=2&s_orderby=new&idx=1355,참치두부유부초밥,https://ottogi.okitchen.co.kr/pds/upfile/2022-11-22_560625953[5].jpg,"['초밥용 유부 6장, 두부 1/3모 100g, 파프리카 1/3개, 브로콜리 1/8개, 오뚜기 참치 ½캔(75g), 오뚜기 고소한 소이마요 1T']",338.3,10.7,28.5,20.1
밥,https://ottogi.okitchen.co.kr/category/detail.asp?page=1&s_cate1=1&s_cate2=2&s_orderby=new&idx=1332,쭈꾸미밥버거,https://ottogi.okitchen.co.kr/pds/upfile/2022-07-28_115060389[5].jpg,"['오늘밥상1/4봉(30g), 밥친구(김자반)1봉(7g), 오징어낙지볶음양념, , 쭈꾸미1마리(65g), 계란1개(60g), 양파1/10개(20g), 슬라이스 치즈1장(20g), 대파1/8대(10g), 당근1/8개(20g), 맛있는 오뚜기밥1개(210g), 프레스코 카놀라유1T(10g), 적상추3장(20g), 옛날 볶음참깨1t']",701.3,87.5,24.15,28.64
밥,https://ottogi.okitchen.co.kr/category/detail.asp?page=1&s_cate1=1&s_cate2=2&s_orderby=new&idx=1322,토마토 해물 빠에야,https://ottogi.okitchen.co.kr/pds/upfile/2022-07-01_786638811[21].jpg,"['오리지널 카레파우더 2g, 냉동해물모둠\t150g, 프레스코 압착올리브유 2T(20g), 다진마늘 1/2T(7g), 프레스코 토마토 스파게티소스 100g, 맛있는 오뚜기밥 1개(210g), 양파 1/2개(100g), 방울토마토 5개(50g), 미향 발효맛술 1T(10g), 소금 1/2t(1g), 바질 잎 약간']",467.44,95.06,8.27,6.21
밥,https://ottogi.okitchen.co.kr/category/detail.asp?page=1&s_cate1=1&s_cate2=2&s_orderby=new&idx=1319,오므라이스,https://ottogi.okitchen.co.kr/pds/upfile/2022-07-01_786638811[15].jpg,"['토마토케챂 3T(30g), 돈까스소스 470g 4T(40g), 오뚜기밥 210g 1개(210g), 계란 2개, 애호박 1/6개(40g), 양파 1/8개(25g), 당근 1/6개(20g), 올리고당 1T(10g), 골드마요네스 약간(10g), 소금\t약간, 프레스코 카놀라유1T(10g), 물 3T(30g), 순후추 약간']",765.61,105.06,21.65,29.17
밥,https://ottogi.okitchen.co.kr/category/detail.asp?page=1&s_cate1=1&s_cate2=2&s_orderby=new&idx=1314,마라계란덮밥,https://ottogi.okitchen.co.kr/pds/upfile/2022-07-01_786638811[5].jpg,"['계란4개, 맛있는 오뚜기밥 1개(210g), 이금기 훠궈마라탕소스 1T(20g), 프레스코 포도씨유 5T(70ml), 이금기 중화시즈닝 맛간장 2T(16g), 미향 발효맛술 1T(10g), 오뚜기 옛날참기름 1/2T(3g), 양파 1/4개(50g), 옛날 볶음참깨 1T(3g), 설탕 1T(8g), 다진 마늘, 순후추, 대파, 소금']",1426.49,101.37,36.99,98.3
밥,https://ottogi.okitchen.co.kr/category/detail.asp?page=1&s_cate1=1&s_cate2=2&s_orderby=new&idx=1312,규동,https://ottogi.okitchen.co.kr/pds/upfile/2022-07-01_786638811[1].jpg,"['소고기(등심) 65g, 양파1개(200g), 감자전분1T(15g), 맛있는 오뚜기밥1개(210g), 미향 발효맛술 2T(20g), 이금기 굴소스 2T(20g), 다시마식초 1T(8g), 물 2T(20g), 설탕1/2T(4g), 프레스코 카놀라유1T(10g)']",833.3,113.59,19.89,32.88
밥,https://ottogi.okitchen.co.kr/category/detail.asp?page=1&s_cate1=1&s_cate2=2&s_orderby=new&idx=1297,오트밀토마토리조또,https://ottogi.okitchen.co.kr/pds/upfile/2022-04-11_393995672[9].jpg,"['1/2하프케챂45g, 오뚜기 순후추약간, 오트밀60g, 다진 마늘1t, 오뚜기 압착 올리브유1T, 양파1/4개, 팽이버섯1/4개(40g), 방울 토마토3개, 물250ml, 닭가슴살80g, 오뚜기 순후추약간, 소금1/3t', '파슬리 찹약간']",263.12,28.4,18.47,10.15
밥,https://ottogi.okitchen.co.kr/category/detail.asp?page=1&s_cate1=1&s_cate2=2&s_orderby=new&idx=1288,순두부 카레,https://ottogi.okitchen.co.kr/pds/upfile/2022-02-21_397338068[23].jpg,"['오뚜기카레 약간 매운맛70g, 순두부200g, 감자1/2(90g), 당근 (90g), 양파1/4(50g), 다진 돼지고기150g, 애호박1/6(50g), 브로콜리4조각(40g), 우유400ml, 오뚜기 프레스코 카놀라유2T']",963.48,20.63,58.31,68.25
밥,https://ottogi.okitchen.co.kr/category/detail.asp?page=1&s_cate1=1&s_cate2=2&s_orderby=new&idx=1270,북어누룽지죽,https://ottogi.okitchen.co.kr/pds/upfile/2022-01-11_619427589[13].jpg,"['북어포 1개(60g), 오뚜기 옛날 구수한 누룽지 1봉 (60g), 다진마늘 1/2t, 오뚜기 멸치장국 1T, 오뚜기 순백 들기름 1T, 오뚜기 미향 1T, 소금 약간, 오뚜기 백후추 약간, 쪽파 ½줄기, 물 500ml']",273.2,26.6,20.9,8.1
밥,https://ottogi.okitchen.co.kr/category/detail.asp?page=1&s_cate1=1&s_cate2=2&s_orderby=new&idx=1256,닭고기유자조림덮밥,https://ottogi.okitchen.co.kr/pds/upfile/2021-11-17_589044872[1].jpg,"['닭다리살 3덩어리(250g), 소금 1/2t, 후추 1/3t, 오뚜기 미향 1T, 맛있는 오뚜기밥 2개(420g), 양파 ½개, 실파 1줄기, 계란 2개, 오뚜기 고소한참기름 1T', '아임스틱 유자차 1T, 다진 마늘 1t, 이금기 팬더 양간장 5T, 오뚜기 미향 5T, 물 200ml']",436.6,74.5,16.1,6.5
밥,https://ottogi.okitchen.co.kr/category/detail.asp?page=1&s_cate1=1&s_cate2=2&s_orderby=new&idx=1247,양배추 된장 쌈밥,https://ottogi.okitchen.co.kr/pds/upfile/2021-11-12_593749891[3].jpg,"['오뮤 곤라이스 버섯된장 130g1개, 양배추5장']",209,39,5.9,4.4
밥,https://ottogi.okitchen.co.kr/category/detail.asp?page=1&s_cate1=1&s_cate2=2&s_orderby=new&idx=1238,인도식 버터치킨카레,https://ottogi.okitchen.co.kr/pds/upfile/2021-10-20_995940866[13].jpg,"['오리지널카레파우더10g, 물100g, 오뚜기토마토스파게티소스200g, 닭다리살200g, 오메가3 버터20g, 방울 토마토 40g, 우유 60g, 양파 100g, 식용유 10g, 크러쉬드페퍼2g, 소금약간']",336.3,17.7,22,19
밥,https://ottogi.okitchen.co.kr/category/detail.asp?page=1&s_cate1=1&s_cate2=2&s_orderby=new&idx=1232,카레 토마토솥밥,https://ottogi.okitchen.co.kr/pds/upfile/2021-09-03_177186357[29].jpg,"['불린 쌀2컵, 물2컵, 오뚜기카레 약간 매운맛2T, 토마토1개, 당근40g, 브로콜리40g, 표고버섯2개, 소금약간, 설탕약간, 프레스코 올리브유약간']",379.4,82.3,8,1.6
밥,https://ottogi.okitchen.co.kr/category/detail.asp?page=1&s_cate1=1&s_cate2=2&s_orderby=new&idx=1223,반반 카레,https://ottogi.okitchen.co.kr/pds/upfile/2021-09-03_177186357[11].jpg,"['오뚜기 3일숙성카레3조각, 양파2/3개, 쇠고기100g, 생크림 1/2컵, 토마토퓨레1컵, 오뚜기밥210g2개, 방울토마토3개', '대파5cm, 당근⅓개, 껍질콩4개, 페퍼론치노4개, 쪽파 또는 파슬리약간']",790.2,107.5,23.5,29.9
반찬,https://ottogi.okitchen.co.kr/category/detail.asp?page=1&s_cate1=1&s_cate2=3&s_orderby=new&idx=1432,창녕갈릭 삼치조림,https://ottogi.okitchen.co.kr/pds/upfile/2023-08-30_789447777[11].jpg,"['손질된 삼치 1마리(소), 무 4cm 한 토막, 창녕갈릭소이소스 25g, 대파 1/3대, 양파 1/3개, 굵은 고춧가루 약간, 오뚜기 연생강 5g, 청양고추 2개, 순후추, 약간 물 300g']",338.58,17.29,49.42,7.01
반찬,https://ottogi.okitchen.co.kr/category/detail.asp?page=1&s_cate1=1&s_cate2=3&s_orderby=new&idx=1430,창녕갈릭 소불고기,https://ottogi.okitchen.co.kr/pds/upfile/2023-08-30_789447777[7].jpg,"['불고기용 소고기 300g, 양파 1개, 창녕갈릭소이소스 80g, 대파 1/2대, 생강 2g, 물 50g, 후추 약간']",384.86,38.23,34.84,9.66
반찬,https://ottogi.okitchen.co.kr/category/detail.asp?page=1&s_cate1=1&s_cate2=3&s_orderby=new&idx=1429,창녕갈릭 LA갈비 구이,https://ottogi.okitchen.co.kr/pds/upfile/2023-08-30_789447777[5].jpg,"['LA갈비 400g, 창녕갈릭소이소스 25g, 쪽파 소량']",638,27,38.6,39
반찬,https://ottogi.okitchen.co.kr/category/detail.asp?page=1&s_cate1=1&s_cate2=3&s_orderby=new&idx=1382,토마토김치,https://ottogi.okitchen.co.kr/pds/upfile/2023-04-21_52700194[3].jpg,"['토마토 1개(235g), 옛날 볶음참깨 약간, 양파 1/4개(50g), 쪽파 2줄기(15g), 오늘밥상 바로 무쳐먹는 겉절이양념 1봉(90g)']",141.4,29.6,3.8,1.5
반찬,https://ottogi.okitchen.co.kr/category/detail.asp?page=1&s_cate1=1&s_cate2=3&s_orderby=new&idx=1379,칰햄 돈부리,https://ottogi.okitchen.co.kr/pds/upfile/2023-04-11_489629280[5].jpg,"['칰햄 오리지널 1캔(200g), 간장 4T(40g), 양파 1개, 설탕 2T(20g), 계란 2개, 물 100ml, 대파 1대(80g), 오뚜기밥 2개, 청양고추 1개(10g), 고소한 참기름 1T, 옛날 볶음참깨 약간']",699.4,94.1,33,22.2
반찬,https://ottogi.okitchen.co.kr/category/detail.asp?page=1&s_cate1=1&s_cate2=3&s_orderby=new&idx=1373,감자 짜글이,https://ottogi.okitchen.co.kr/pds/upfile/2023-03-07_752536584[3].jpg,"['오늘밥상 송탄식 사골 부대찌개 양념 1봉(110g), 오뚜기햄 1캔(200g), 물 700ml 양파 1/2개(100g), 대파 2대(80g), 청양고추 2개(20g), 감자 2개(400g), 다진마늘 1T(20g), 고추장 1T(20g), 된장 1/3T(6g), 고춧가루 2T(15g), 황설탕 1T(7g), 이금기 시즈닝맛간장 2T(30g)']",405.4,14.32,18.81,16.09
반찬,https://ottogi.okitchen.co.kr/category/detail.asp?page=1&s_cate1=1&s_cate2=3&s_orderby=new&idx=1371,콩나물전,https://ottogi.okitchen.co.kr/pds/upfile/2023-02-24_1016200138[9].jpg,"['바삭한 부침가루 100g, 삼겹살양파절임소스 6T(50g),콩나물 65g, 다진마늘 1t(6g), 당근 1/10개(20g), 부추 5g, 물 150ml, 청양고추 1개(10g), 프레스코 카놀라유 3T(30g), 고소한 참기름 1T(10g), 옛날 볶음참깨 1/2T(1g), 고춧가루 1t(1g), 소금 1/3t(1g)']",402.03,39.7,12.26,21.24
반찬,https://ottogi.okitchen.co.kr/category/detail.asp?page=1&s_cate1=1&s_cate2=3&s_orderby=new&idx=1370,X.O.만두전,https://ottogi.okitchen.co.kr/pds/upfile/2023-02-24_1016200138[7].jpg,"['X.O.교자 김치 4알(145g), X.O.교자 4알(145g), 달걀 2개, 청양고추 1개(10g), 간장 4T(40g), 화이트 식초 2T, 고춧가루 1t(1g), 물 2T, 대파 20g, 설탕 2T(20g), 콩기름 3T(30g), 고소한 참기름 1t(10g)']",577.9,30.09,18.51,39.04
반찬,https://ottogi.okitchen.co.kr/category/detail.asp?page=1&s_cate1=1&s_cate2=3&s_orderby=new&idx=1369,회오리 오이무침,https://ottogi.okitchen.co.kr/pds/upfile/2023-02-24_1016200138[5].jpg,"['오이 1개(260g), 꽃소금 2/3T(5g), 대파 1/4대(20g), 양파 1/4개(50g), 옛날 볶음참깨 약간, 겉절이양념 1봉(90g), 고소한 참기름 1/2T']",163.61,28.64,4.04,4.26
반찬,https://ottogi.okitchen.co.kr/category/detail.asp?page=1&s_cate1=1&s_cate2=3&s_orderby=new&idx=1368,만새강정,https://ottogi.okitchen.co.kr/pds/upfile/2023-02-24_1016200138[3].jpg,"['오즈키친 칠리새우 1봉, 쫄깃한 쌀떡볶이떡 110g, 양념치킨소스 3T(45g), X.O.미니군만두고기 150g, 견과류 약간']",637.75,80.05,18.6,26.92
반찬,https://ottogi.okitchen.co.kr/category/detail.asp?page=1&s_cate1=1&s_cate2=3&s_orderby=new&idx=1366,칰햄스틱,https://ottogi.okitchen.co.kr/pds/upfile/2023-02-09_575674873[1].jpg,"['칰햄 오리지널 1캔(200g), 계란 2개, 튀김가루 60g, 빵가루 60g, 프레스코 압착올리브유 유탕용']",425.7,48.75,26.87,14.05
반찬,https://ottogi.okitchen.co.kr/category/detail.asp?page=1&s_cate1=1&s_cate2=3&s_orderby=new&idx=1362,두부참치스테이크,https://ottogi.okitchen.co.kr/pds/upfile/2023-02-08_361906995[1].jpg,"['가벼운 참치 더마일드 2캔 참깨돈까스소스 1통(290g), 빵가루 150g, 양파 1/2개(100g), 브로콜리 1/4개(50g), 옛날 볶음참깨 1T(4g), 고소한 참기름 1T(10g), 계란 2개, 다진마늘 2t(10g), 대파 1대(50g), 소금 2t(4g),순후추 1g, 프레스코 카놀라유 200g, 두부 3/5모(300g)']",627.35,38.23,21.34,42.59
반찬,https://ottogi.okitchen.co.kr/category/detail.asp?page=1&s_cate1=1&s_cate2=3&s_orderby=new&idx=1361,두부시금치무침,https://ottogi.okitchen.co.kr/pds/upfile/2023-02-07_148023181[1].jpg,"['참깨드레싱 1.5T(23g), 두부 30g, 시금치 4개(100g), 간장 1t(2g), 소금 약간, 옛날 볶음참깨 약간']",58.06,3.47,2.08,4.28
반찬,https://ottogi.okitchen.co.kr/category/detail.asp?page=1&s_cate1=1&s_cate2=3&s_orderby=new&idx=1356,참치무조림,https://ottogi.okitchen.co.kr/pds/upfile/2022-11-22_560625953[7].jpg,"['가벼운참치 라이트스탠다드2캔(135gX2), 무1개(1kg), 양파1개(200g), 청양고추3개(30g), 설탕1T(15g), 다진마늘2T(50g), 미향2T(20g), 굴소스2T(30g), 다진생강1/2t(3g), 고춧가루3T(21g), 순후추약간, 물1L, 멸치장국4T(40g), 고추장1T(25g), 옛날 볶음참깨약간, 향긋한 들기름2T']",296.18,34.56,17.98,10.56
반찬,https://ottogi.okitchen.co.kr/category/detail.asp?page=1&s_cate1=1&s_cate2=3&s_orderby=new&idx=1349,새둥지 잡채전,https://ottogi.okitchen.co.kr/pds/upfile/2022-11-22_560625401[5].jpg,"['옛날잡채(75g)1봉, 계란2개, 오뚜기카레 약간매운맛1/3t(1g), 부침가루50g, 고소한 참기름1T, 프레스코 카놀라유2T']",769.4,83.26,24.94,36.86
반찬,https://ottogi.okitchen.co.kr/category/detail.asp?page=1&s_cate1=1&s_cate2=3&s_orderby=new&idx=1338,흑초만두탕수,https://ottogi.okitchen.co.kr/pds/upfile/2022-07-28_115060389[17].jpg,"['X.O미니 군만두 고기1/2봉(230g), 8년숙성흑초2T(20g), 이금기중화시즈닝맛간장1T(10g), 코코넛후레이크1/2T(5g), 고구마1개(100g), 파인애플1슬라이스(70g), 설탕1T(10g), 전분물(전분:물=1:2)2T(20g), 물2T(20g)']",482.45,51.45,11.87,25.92
반찬,https://ottogi.okitchen.co.kr/category/detail.asp?page=1&s_cate1=1&s_cate2=3&s_orderby=new&idx=1333,카레고구마전,https://ottogi.okitchen.co.kr/pds/upfile/2022-07-28_115060389[7].jpg,"['오리지널카레파우더5g, 부침가루65g, 콩기름유탕용, 고구마1개(130g), 파슬리가루1g, 물95ml, 소금1g']",426.07,95.56,7.95,1.47
반찬,https://ottogi.okitchen.co.kr/category/detail.asp?page=1&s_cate1=1&s_cate2=3&s_orderby=new&idx=1321,콩나물불고기,https://ottogi.okitchen.co.kr/pds/upfile/2022-07-01_786638811[19].jpg,"['오늘밥상 제육볶음양념 1팩(150g), 돼지고기 앞다리살 300g, 콩나물 150g, 파채 50g, 옛날 볶음참깨 1T(5g), 참기름\t2T(20g)']",600.53,36.01,30.9,5.64
반찬,https://ottogi.okitchen.co.kr/category/detail.asp?page=1&s_cate1=1&s_cate2=3&s_orderby=new&idx=1316,오징어 봄동무침,https://ottogi.okitchen.co.kr/pds/upfile/2022-07-01_786638811[9].jpg,"['오징어 2마리(340g), 미나리 15줄기(30g), 봄동 1개(130g), 바로 무쳐먹는 겉절이양념 1봉(90g), 다시마식초 2T(20g), 양파 1/4개(50g), 당근 1/5개(30g), 소금 1t(2g), 미향 발효맛술 2T(20g), 옛날 참기름 1T(10g)']",115.08,16.6,4.66,3.54
반찬,https://ottogi.okitchen.co.kr/category/detail.asp?page=1&s_cate1=1&s_cate2=3&s_orderby=new&idx=1311,마요통삼겹구이,https://ottogi.okitchen.co.kr/pds/upfile/2022-06-21_153706342[7].jpg,"['골드 마요네스2T(30g), 통삼겹살500g, 소금1t(1g), 순후추약간, 생마늘9개(45g), 대파2대(250g), 로즈마리2줄기(20g)']",712.53,27.58,29.15,52.39
국물,https://ottogi.okitchen.co.kr/category/detail.asp?page=1&s_cate1=1&s_cate2=4&s_orderby=new&idx=1381,순두부돼지김치짜글이,https://ottogi.okitchen.co.kr/pds/upfile/2023-04-21_52700194[1].jpg,"['청주식 돼지김치짜글이 1팩, 청양고추 1개(10g), 순두부 130g, 오뚜기 폭햄 200g, 양파 1/6개, 옛날 볶음참깨 약간']",324.72,10.7,22.35,21.2
국물,https://ottogi.okitchen.co.kr/category/detail.asp?page=1&s_cate1=1&s_cate2=4&s_orderby=new&idx=1380,토달토달 감자국,https://ottogi.okitchen.co.kr/pds/upfile/2023-04-11_489629280[7].jpg,"['토마토 1개(230g), 프레스코 압착 올리브유 2t(10g), 감자 1개(200g), 옛날 참기름 2t(10g), 마늘 3개(30g), 소금 1/2t, 쪽파 1줄기(7g), 순후추 약간, 멸치장국 5T(50g), 계란 1개, 물 1L']",248.2,26.9,7.9,12.5
국물,https://ottogi.okitchen.co.kr/category/detail.asp?page=1&s_cate1=1&s_cate2=4&s_orderby=new&idx=1376,카레 치즈라면,https://ottogi.okitchen.co.kr/pds/upfile/2023-03-07_752536584[9].jpg,"['진라면 매운맛 1개(분말스프 1T), 3분카레(순한맛) 1봉, 슬라이스치즈 1장(20g), 물 550ml, 파슬리가루 약간']",337.2,102.96,20.54,24.84
국물,https://ottogi.okitchen.co.kr/category/detail.asp?page=1&s_cate1=1&s_cate2=4&s_orderby=new&idx=1373,감자 짜글이,https://ottogi.okitchen.co.kr/pds/upfile/2023-03-07_752536584[3].jpg,"['오늘밥상 송탄식 사골 부대찌개 양념 1봉(110g), 오뚜기햄 1캔(200g), 물 700ml 양파 1/2개(100g), 대파 2대(80g), 청양고추 2개(20g), 감자 2개(400g), 다진마늘 1T(20g), 고추장 1T(20g), 된장 1/3T(6g), 고춧가루 2T(15g), 황설탕 1T(7g), 이금기 시즈닝맛간장 2T(30g)']",405.4,14.32,18.81,16.09
국물,https://ottogi.okitchen.co.kr/category/detail.asp?page=1&s_cate1=1&s_cate2=4&s_orderby=new&idx=1372,감자 스프,https://ottogi.okitchen.co.kr/pds/upfile/2023-03-07_752536584[1].jpg,"['크림스프 1/2봉(40g) 감자 1개(200g), 파슬리가루 약간 물 500ml, 양파 1/2개(100g), 순후추 약간, 무염버터 1T(15g), 식빵 1/4장(15g), 설탕 1/2T(7g) 소금 1/2t(1g)']",181.38,27.48,3.12,6.77
국물,https://ottogi.okitchen.co.kr/category/detail.asp?page=1&s_cate1=1&s_cate2=4&s_orderby=new&idx=1363,소고기토마토스튜,https://ottogi.okitchen.co.kr/pds/upfile/2023-02-08_361906995[3].jpg,"['지중해산토마토하이라이스 2조각(50g), 소고기(등심) 300g, 양파 1개(200g), 감자 1개(130g), 파프리카 1개(100g), 소금, 후추 약간, 다이스토마토(통조림) 60g 파슬리가루 약간, 프레스코 압착 올리브유  1T(15ml), 물 360ml, 바게트 빵 12조각(80g)']",625.99,39.24,21.51,41.12
국물,https://ottogi.okitchen.co.kr/category/detail.asp?page=1&s_cate1=1&s_cate2=4&s_orderby=new&idx=1258,토마토 스프,https://ottogi.okitchen.co.kr/pds/upfile/2021-11-17_589044872[9].jpg,"['오뚜기 카레 순한맛 1T, 양배추 1/6개, 토마토 2개, 양파 ½개, 대파 1대, 닭가슴살 1개 (150g), 오뚜기 순토마토퓨레 3T, 오뚜기 프레스코 올리브유 1T, 물 500ml, 오뚜기 토마토 케챂 1/2T, 소금 1t, 오뚜기 순후추 1/2t']",121.1,10.4,15.4,2.4
국물,https://ottogi.okitchen.co.kr/category/detail.asp?page=1&s_cate1=1&s_cate2=4&s_orderby=new&idx=1230,채황 비건만두전골,https://ottogi.okitchen.co.kr/pds/upfile/2021-09-03_177186357[25].jpg,"['채황2봉지, 표고버섯3개, 그린가든 만두1봉지, 팽이버섯40g, 대파 , 느타리버섯1줌, 새송이버섯2개, 두부1/2모, 알배추1/4통, 무50g']",845,125,29.2,26.6
국물,https://ottogi.okitchen.co.kr/category/detail.asp?page=1&s_cate1=1&s_cate2=4&s_orderby=new&idx=1227,요즘미역냉국,https://ottogi.okitchen.co.kr/pds/upfile/2021-09-03_177186357[19].jpg,"['오뚜기 요즘미역3g(2/3봉), 물1cup(180ml), 간편피클초(요리초) 500ml2T(18g), 오이1/8개', '오뚜기 옛날볶음참깨1/3t, , 홍고추1/3개']",29.4,5.6,1.9,0.7
국물,https://ottogi.okitchen.co.kr/category/detail.asp?page=1&s_cate1=1&s_cate2=4&s_orderby=new&idx=1224,사골우거지국,https://ottogi.okitchen.co.kr/pds/upfile/2021-09-03_177186357[13].jpg,"['오뚜기 옛날사골곰탕1봉, 데친 우거지100g, [500g], , 된장1/2T, 고춧가루1t, 다진 마늘1t, 들깨가루1/2T, 홍고추1/2개, 대파1/4대']",69.6,5.7,5.8,3.1
국물,https://ottogi.okitchen.co.kr/category/detail.asp?page=1&s_cate1=1&s_cate2=4&s_orderby=new&idx=1211,사골 김치찌개,https://ottogi.okitchen.co.kr/pds/upfile/2021-07-29_187310614[5].jpg,"['옛날 사골곰탕 350g1봉, 두부 1/2모150g, 대파10cm, 돼지고기 목살 150g, 김치 1/4 포기250g, 참기름 0.3T, 물90ml, 고춧가루0.7T, 다진 마늘0.5T, 홍고추1/2개']",127.6,4.7,8.6,7.9
국물,https://ottogi.okitchen.co.kr/category/detail.asp?page=1&s_cate1=1&s_cate2=4&s_orderby=new&idx=1197,마라 삼계탕,https://ottogi.okitchen.co.kr/pds/upfile/2021-06-26_856606119[19].jpg,"['오뚜기 옛날 삼계탕 1개, 청경채 1개, 오뚜기 이금기 훠궈 마라탕소스 3T,팽이버섯 1/4개, 오뚜기 옛날참깨 1t']",893.3,42.3,76.9,46.3
국물,https://ottogi.okitchen.co.kr/category/detail.asp?page=1&s_cate1=1&s_cate2=4&s_orderby=new&idx=1186,칠향계,https://ottogi.okitchen.co.kr/pds/upfile/2021-05-29_147251679[27].jpg,"['삼계탕용 닭 1마리, 말린 도라지 50g, 생강 1개, 대파 2대, 물 150ml', '오뚜기 쇠고기장국 5T, 오뚜기 멸치장국 5T, 오뚜기 현미식초 6T, 오뚜기 방앗간 참기름 5T, 오뚜기 백통후추 1/2T']",795.4,18.9,95.4,44.1
국물,https://ottogi.okitchen.co.kr/category/detail.asp?page=1&s_cate1=1&s_cate2=4&s_orderby=new&idx=1173,홍합토마토스튜,https://ottogi.okitchen.co.kr/pds/upfile/2021-05-29_147251679[1].jpg,"['홍합400g, 손질오징어1마, 새우4마리, 순토마토퓨레1.5컵, 물400ml, 양파1/2개', '마늘3톨, 청양고추1개, 올리브유2T, 소금약간, 파슬리약간, 후추약간']",465.8,63.2,15.7,17.9
국물,https://ottogi.okitchen.co.kr/category/detail.asp?page=1&s_cate1=1&s_cate2=4&s_orderby=new&idx=1112,얼큰수제비,https://ottogi.okitchen.co.kr/pds/upfile/2020-10-22_1018447081[9].jpg,"['오뚜기 오늘밥상 얼큰비법 매운탕양념 1개(110g), 물 800ml, 밀가루 2컵(250g), 물(반죽용) 150ml, 소금 1/3t, 오뚜기 콩기름 1/2T', '감자 1개, 대파 1/3대, 양파 1/2개, 애호박 1/3개, 청양고추 1/2개, 홍고추 1개']",449.8,83.6,16.6,3.6
국물,https://ottogi.okitchen.co.kr/category/detail.asp?page=1&s_cate1=1&s_cate2=4&s_orderby=new&idx=1111,얼큰홍합탕,https://ottogi.okitchen.co.kr/pds/upfile/2020-10-22_1018447081[11].jpg,"['홍합 600g, 오뚜기 얼큰비법 매운탕양념 1개(110g), 물 700ml, 양파 1개, 다진마늘 1T, 오뚜기 옛날 고추맛기름 1T', '청양고추 1개, 홍고추 1개']",62.7,2.3,7.2,2.6
국물,https://ottogi.okitchen.co.kr/category/detail.asp?page=1&s_cate1=1&s_cate2=4&s_orderby=new&idx=1110,순두부쫄면,https://ottogi.okitchen.co.kr/pds/upfile/2020-10-22_1018447081[25].jpg,"['순두부 1봉(350g), 오뚜기 생쫄면사리 1/4봉(200g), 오뚜기 오늘밥상 순두부찌개양념 1봉(90g), 물 400ml', '양파 1/2개, 애호박 1/3개, 대파 1/4대, 다진 마늘 1t, 오뚜기 식용유(콩기름) 2T']",478.3,87.8,15.9,5.2
국물,https://ottogi.okitchen.co.kr/category/detail.asp?page=1&s_cate1=1&s_cate2=4&s_orderby=new&idx=1105,만두전골,https://ottogi.okitchen.co.kr/pds/upfile/2020-10-22_1018444906[11].jpg,"['오뚜기 X.O.굴림만두 10개, 오뚜기 옛날 사골곰탕 500g, 속배추 150g, 느타리버섯 100g, 채썬 쇠고기 100g, 오뚜기 소불고기 양념 1T, 대파 1대', '고춧가루 2T, 고추장 1T, 이금기 팬더양조간장 1T, 오뚜기 미향 1T, 다진마늘 1/2T, 오뚜기 순후추 약간']",412.8,34.4,15.8,17.9
국물,https://ottogi.okitchen.co.kr/category/detail.asp?page=1&s_cate1=1&s_cate2=4&s_orderby=new&idx=1100,닭칼국수,https://ottogi.okitchen.co.kr/pds/upfile/2020-10-22_1018444906[7].jpg,"['닭가슴살 한덩어리, 물 1000ml, 마늘 15톨, 오뚜기 통후추 약간, 오뚜기 생칼국수 300g', '애호박 1/4개, 당근 1/4개, 대파 1대, 양파 1개', '간장 2T, 오뚜기 순후추 약간, 소금 1T, 다진마늘 1T']",358.6,69.3,15.8,2.4
면,https://ottogi.okitchen.co.kr/category/detail.asp?page=1&s_cate1=1&s_cate2=5&s_orderby=new&idx=1431,창녕갈릭 소이소스 파스타,https://ottogi.okitchen.co.kr/pds/upfile/2023-08-30_789447777[9].jpg,"['스파게티면 500원 동전크기, 창녕갈릭소이소스 80g, 프레스코 올리브오일 8g, 표고버섯 1개, 양파 1/3개, 소고기 부채살 50g, 홍피망 1/2개, 청양고추 1개, 면수 40~50g, 소금 약간, 후추 약간']",602.53,93.33,23.05,13.07
면,https://ottogi.okitchen.co.kr/category/detail.asp?page=1&s_cate1=1&s_cate2=5&s_orderby=new&idx=1383,베이컨 로제떡볶이,https://ottogi.okitchen.co.kr/pds/upfile/2023-05-26_944322754[3].jpg,"['프레스코스파게티소스 베이컨로제 100g, 쫄깃한 쌀떡볶이떡 200g, 대파 1/3대(30g), 중국식넓은당면 100g 20g, 직접갈아먹는통후추 약간, 삶은 메추리알 4알(40g), 베이컨 1장(18g), 마늘 1톨(5g), 양파 1/4개(50g), 맛있는 오리지널핫도그 1개(80g), 양배추 50g, 고추장 1t(3g), 우유 150ml, 물 100ml']",552.3,83.9,15.5,77.2
면,https://ottogi.okitchen.co.kr/category/detail.asp?page=1&s_cate1=1&s_cate2=5&s_orderby=new&idx=1376,카레 치즈라면,https://ottogi.okitchen.co.kr/pds/upfile/2023-03-07_752536584[9].jpg,"['진라면 매운맛 1개(분말스프 1T), 3분카레(순한맛) 1봉, 슬라이스치즈 1장(20g), 물 550ml, 파슬리가루 약간']",337.2,102.96,20.54,24.84
면,https://ottogi.okitchen.co.kr/category/detail.asp?page=1&s_cate1=1&s_cate2=5&s_orderby=new&idx=1360,히야시츄카,https://ottogi.okitchen.co.kr/pds/upfile/2022-11-22_560625953[15].jpg,"['옛날국수중면(500g)100g, 토마토1/2개(80g), 냉면육수1봉(330g), 오이2/3개(100g), 달걀2개, 슬라이스 햄4장(50g), 맛살60g, 고소한 참기름1t(3g), 연겨자1t(취향껏), 가쓰오부시장국2T(20g), 옛날 볶음참깨1t']",669.04,78.14,16.34,7.05
면,https://ottogi.okitchen.co.kr/category/detail.asp?page=1&s_cate1=1&s_cate2=5&s_orderby=new&idx=1357,토마토진짬뽕,https://ottogi.okitchen.co.kr/pds/upfile/2022-11-22_560625953[9].jpg,"['진짬뽕1개, 토마토케챂1T, 방울토마토8개(90g), 프레스코 카놀라유1T, 물550ml, 계란1개']",699.2,87.74,17.83,31.08
면,https://ottogi.okitchen.co.kr/category/detail.asp?page=1&s_cate1=1&s_cate2=5&s_orderby=new&idx=1353,우유크림파스타,https://ottogi.okitchen.co.kr/pds/upfile/2022-11-22_560625953[1].jpg,"['양파1/2개(100g), 우유300ml, 프레스코 포도씨유1T(15g), 크림스프30g, 생마늘3개(10g), 베이컨50g, 양송이버섯2개(30g), 순후추약간, 소금약간(2꼬집), 프레스코 스파게티면100g']",478.9,32.37,9.92,34.62
면,https://ottogi.okitchen.co.kr/category/detail.asp?page=1&s_cate1=1&s_cate2=5&s_orderby=new&idx=1352,올리브바질 참치 파스타,https://ottogi.okitchen.co.kr/pds/upfile/2022-11-22_560625401[11].jpg,"['올리브바질참치캔1개, 프레스코 펜네40g, 프레스코 후실리40g, 프레스코 올리브유2T(20g), 레몬주스1T(10g), 방울토마토5개(50g), 소금(면 삶는 용)10g, 순후추약간, 양파1/10개(20g), 오이1/4개(35g), 파마산 치즈가루약간(2g), 소금(소스 용)1t(1g)']",736.99,60.58,29.14,21.9
면,https://ottogi.okitchen.co.kr/category/detail.asp?page=1&s_cate1=1&s_cate2=5&s_orderby=new&idx=1351,열라면 투움바,https://ottogi.okitchen.co.kr/pds/upfile/2022-11-22_560625401[9].jpg,"['프레스코 까르보나라소스5T(75g), 열라면1개, 칵테일새우8마리(40g), 양송이버섯2개(40g), 양파1/4개(50g), 물150ml, 프레스코 올리브유1T, 파슬리가루 또는 치즈가루약간']",358.6,69.3,15.8,2.4
면,https://ottogi.okitchen.co.kr/category/detail.asp?page=1&s_cate1=1&s_cate2=5&s_orderby=new&idx=1348,방울토마토소바,https://ottogi.okitchen.co.kr/pds/upfile/2022-11-22_560625401[3].jpg,"['다시마장국50ml, 방울토마토7개(120g), 옛날 메밀국수100g, 실파1줄기(5g), 다시마식초4T(40g), 김가루약간, 설탕2T(20g), (육수용) 차가운 물450ml, 소금약간, (절임용) 물2T(20g), 옛날 볶음참깨1t']",478.38,103.23,12.69,2.68
면,https://ottogi.okitchen.co.kr/category/detail.asp?page=1&s_cate1=1&s_cate2=5&s_orderby=new&idx=1347,무파라면,https://ottogi.okitchen.co.kr/pds/upfile/2022-11-22_560625401[1].jpg,"['진라면 매운맛1봉지, 향긋한 들기름2T(20g), 무1/4개(140g), 다진마늘1t(7g), 청양고추1/2개(5g), 새우젓1t(3g), 물550ml, 대파1/2대']",717.57,87.79,14.62,34.86
면,https://ottogi.okitchen.co.kr/category/detail.asp?page=1&s_cate1=1&s_cate2=5&s_orderby=new&idx=1344,로제 바지락 리조또,https://ottogi.okitchen.co.kr/pds/upfile/2022-11-21_346893421[1].jpg,"['프레스코 감바스150g, 방울 토마토5개(80g), 파스타소스, , 생마늘12개(45g), 흰다리새우10마리(250g), 브로콜리4조각(60g), 순후추약간, 페퍼론치노3개(3g), 바게트빵8조각(98g), 프레스코 2T(20g), 파슬리가루약간, 압착 올리브유']",510.25,94.75,7.7,15.02
면,https://ottogi.okitchen.co.kr/category/detail.asp?page=1&s_cate1=1&s_cate2=5&s_orderby=new&idx=1343,계란국수,https://ottogi.okitchen.co.kr/pds/upfile/2022-11-21_346892729[1].jpg,"['프레스코 감바스150g, 방울 토마토5개(80g), 파스타소스, 생마늘12개(45g), 흰다리새우10마리(250g), 브로콜리4조각(60g), 순후추약간, 페퍼론치노3개(3g), 바게트빵8조각(98g), 프레스코 2T(20g), 파슬리가루약간, 압착 올리브유']",418.81,80.55,12.81,4.98
면,https://ottogi.okitchen.co.kr/category/detail.asp?page=1&s_cate1=1&s_cate2=5&s_orderby=new&idx=1337,홍합진라거라면,https://ottogi.okitchen.co.kr/pds/upfile/2022-07-28_115060389[15].jpg,"['진라면 매운맛1봉(120g), 진라거100ml, 뜨거운 물450ml, 홍합250g, 대파1/10개(10g), 청양고추1개(10g), 옛날 고추맛 기름2T(20g)']",874.05,85.99,46.81,37.3
면,https://ottogi.okitchen.co.kr/category/detail.asp?page=1&s_cate1=1&s_cate2=5&s_orderby=new&idx=1334,카레오동통면,https://ottogi.okitchen.co.kr/pds/upfile/2022-07-28_115060389[9].jpg,"['오동통면1봉, 오뚜기카레2T(20g), , (약간매운맛), 대파1/5대(20g), 계란1개(60g), 물550ml']",677.6,95.28,18.74,24.48
면,https://ottogi.okitchen.co.kr/category/detail.asp?page=1&s_cate1=1&s_cate2=5&s_orderby=new&idx=1331,수란을 얹은 명란파스타,https://ottogi.okitchen.co.kr/pds/upfile/2022-07-28_115060389[3].jpg,"['프레스코100g, 마늘5개(15g), 명란오일파스타소스, , 계란1개(60g), 프레스코 스파게티면80g, 프레스코 압착 2T(20g), 소금1t(3g), 올리브유, , 파슬리가루약간, 사과 식초2T(20g), 프레스코 카놀라유유탕용']",637.12,70.67,18.88,29.2
면,https://ottogi.okitchen.co.kr/category/detail.asp?page=1&s_cate1=1&s_cate2=5&s_orderby=new&idx=1327,두릅튀김우동,https://ottogi.okitchen.co.kr/pds/upfile/2022-07-28_115059673[7].jpg,"['바삭하고 고소한 튀김가루50g, 면사리 우동1봉(190g), 물(튀김반죽용)80ml', '대파1/10대(10g), 두릅4개(44g), 쑥갓4줄기(20g), 어묵1장(50g), 유부채10g, 물(육수용)500ml, 가쓰오부시장국70ml, 콩기름유탕용, 옛날 볶음참깨1t']",649.46,128.85,21.2,5.95
면,https://ottogi.okitchen.co.kr/category/detail.asp?page=1&s_cate1=1&s_cate2=5&s_orderby=new&idx=1325,감자 칼제비,https://ottogi.okitchen.co.kr/pds/upfile/2022-07-28_115059673[3].jpg,"['감자수제비키트1팩(265g), 감자1/2개(60g), 애호박1/6개(35g)', '느타리버섯1묶음(30g), 양파1/6개(35g), 대파1/8대(15g), 옛날볶음참깨약간, 물(육수용)1.2L, 물(반죽용)100ml, 당근1/8개(20g)']",797.52,128.49,42.29,12.86
면,https://ottogi.okitchen.co.kr/category/detail.asp?page=1&s_cate1=1&s_cate2=5&s_orderby=new&idx=1318,순두부 진짬뽕,https://ottogi.okitchen.co.kr/pds/upfile/2022-07-01_786638811[13].jpg,"['오뚜기 진짬뽕 1개, 순두부1/2봉(75g), 물 450ml, 청양고추 1개 (10g), 쪽파 1줄기(10g), 계란 1개(60g)']",630.05,82.67,21.55,23.35
면,https://ottogi.okitchen.co.kr/category/detail.asp?page=1&s_cate1=1&s_cate2=5&s_orderby=new&idx=1317,순두부 열라면 그라탕,https://ottogi.okitchen.co.kr/pds/upfile/2022-07-01_786638811[11].jpg,"['오뚜기 열라면 1봉지(120g), 오뚜기 슈레드치즈 모짜렐라 2봉g(140g), 순두부\t1/2봉(75g), 오뚜기 프레스코 토마토 3T(45g), 파슬리 가루 약간, 양파 1/2개(100g)']",466.09,56.32,20.86,17.18
면,https://ottogi.okitchen.co.kr/category/detail.asp?page=1&s_cate1=1&s_cate2=5&s_orderby=new&idx=1315,바질페스토 라면,https://ottogi.okitchen.co.kr/pds/upfile/2022-07-01_786638811[7].jpg,"['오뚜기 순후추라면 사골곰탕맛(용기) 1개(105g), 바질페스토\t3T(45g), 뜨거운 물 370ml, 바질 잎 3장']",688.8,72.04,12.6,38.66
디저트,https://ottogi.okitchen.co.kr/category/detail.asp?page=1&s_cate1=1&s_cate2=6&s_orderby=new&idx=1378,스모크 감자치즈볼,https://ottogi.okitchen.co.kr/pds/upfile/2023-04-11_489629280[3].jpg,"['직접갈아먹는 스모크페퍼솔트 2t(1g), 감자 2개(350g), 감자맛 전분 3T(15g), 라망 구워먹는 치즈 1/3개(40g), 프레스코 카놀라유 유탕용, 퐄햄 1/2캔(100g)']",203.1,21.6,10.8,8.5
디저트,https://ottogi.okitchen.co.kr/category/detail.asp?page=1&s_cate1=1&s_cate2=6&s_orderby=new&idx=1377,닭고기크림스튜,https://ottogi.okitchen.co.kr/pds/upfile/2023-04-11_489629280[1].jpg,"['닭다리살 350g, 프레스코 카놀라유 2T(30g),마늘 2개(8g), 크림스프 40g, 양파 1개(200g), 우유 200ml, 당근 1/5개(30g), 물 200ml, 브로콜리 6조각(90g), 소금 약간, 양송이버섯 4개(80g), 순후추 약간']",573.24,37.61,41.08,29.02
디저트,https://ottogi.okitchen.co.kr/category/detail.asp?page=1&s_cate1=1&s_cate2=6&s_orderby=new&idx=1375,복숭아 치즈케이크,https://ottogi.okitchen.co.kr/pds/upfile/2023-03-07_752536584[7].jpg,"['황도 1캔(400g), 핫케이크믹스 250g, 생크림 150ml, 젤라틴 가루 5g, 크림치즈 100g, 계란 1개, 우유 135ml, 찬물 5T(50g)']",394.83,51.99,5.91,17.99
디저트,https://ottogi.okitchen.co.kr/category/detail.asp?page=1&s_cate1=1&s_cate2=6&s_orderby=new&idx=1372,감자 스프,https://ottogi.okitchen.co.kr/pds/upfile/2023-03-07_752536584[1].jpg,"['크림스프 1/2봉(40g) 감자 1개(200g), 파슬리가루 약간 물 500ml, 양파 1/2개(100g), 순후추 약간, 무염버터 1T(15g), 식빵 1/4장(15g), 설탕 1/2T(7g) 소금 1/2t(1g)']",181.38,27.48,3.12,6.77
디저트,https://ottogi.okitchen.co.kr/category/detail.asp?page=1&s_cate1=1&s_cate2=6&s_orderby=new&idx=1371,콩나물전,https://ottogi.okitchen.co.kr/pds/upfile/2023-02-24_1016200138[9].jpg,"['바삭한 부침가루 100g, 삼겹살양파절임소스 6T(50g),콩나물 65g, 다진마늘 1t(6g), 당근 1/10개(20g), 부추 5g, 물 150ml, 청양고추 1개(10g), 프레스코 카놀라유 3T(30g), 고소한 참기름 1T(10g), 옛날 볶음참깨 1/2T(1g), 고춧가루 1t(1g), 소금 1/3t(1g)']",402.03,39.7,12.26,21.24
디저트,https://ottogi.okitchen.co.kr/category/detail.asp?page=1&s_cate1=1&s_cate2=6&s_orderby=new&idx=1367,오이 샌드위치,https://ottogi.okitchen.co.kr/pds/upfile/2023-02-24_1016200138[1].jpg,"['오이 1/2개(130g), 꽃소금 1t(2g), 프레스코 압착올리브유 1t(3g), 직접 갈아먹는 통후추 약간, 골드 마요네스 3T(30g), 식빵 3장(90g)']",165.35,16.81,302.67,9.65
디저트,https://ottogi.okitchen.co.kr/category/detail.asp?page=1&s_cate1=1&s_cate2=6&s_orderby=new&idx=1365,연어 키쉬,https://ottogi.okitchen.co.kr/pds/upfile/2023-02-08_361907466[1].jpg,"['렌지에돌려먹는연어구이 1팩(60g), 애호박 1/3개(100g), 감자 1/3개(70g), 슈레드치즈 모짜렐라 1봉(70g), 달걀 노른자 1개 방울토마토 6개(66g), 프레스코 압착 올리브유 1T(10g) 소금 약간, 올리브바질참치 100g']",247.21,12.98,11.46,16.21
디저트,https://ottogi.okitchen.co.kr/category/detail.asp?page=1&s_cate1=1&s_cate2=6&s_orderby=new&idx=1364,딸기케이크,https://ottogi.okitchen.co.kr/pds/upfile/2023-02-08_361906995[5].jpg,"['핫케이크믹스1kg 300g, 딸기쨈 500g 4T, 달콤한 케이크시럽220g 약간, 플레인 요거트 100g, 달걀 1개 설탕 2T, 딸기 6개 슈가파우더 약간, 우유 150ml, 식용유 약간']",308.65,64.68,5.75,3.01
디저트,https://ottogi.okitchen.co.kr/category/detail.asp?page=1&s_cate1=1&s_cate2=6&s_orderby=new&idx=1359,호떡 꽈배기,https://ottogi.okitchen.co.kr/pds/upfile/2022-11-22_560625953[13].jpg,"['찹쌀호떡믹스1팩(540g), 따뜻한 물250ml, 프레스코 카놀라유유탕용, 슈가파우더 약간, , (또는 인절미가루)']",355.5,73.8,7.2,3.42
디저트,https://ottogi.okitchen.co.kr/category/detail.asp?page=1&s_cate1=1&s_cate2=6&s_orderby=new&idx=1350,여름과일샐러드,https://ottogi.okitchen.co.kr/pds/upfile/2022-11-22_560625401[7].jpg,"['레드와인 발사믹드레싱2T(30g), 프레스코압착올리브유1/2t(7g), 통후추약간, 참외1/2개(120g), 소금약간, 자두1개(100g), 천도복숭아1/2개(150g), 오이1/3개(60g)']",126.59,19.12,2.21,5.42
디저트,https://ottogi.okitchen.co.kr/category/detail.asp?page=1&s_cate1=1&s_cate2=6&s_orderby=new&idx=1345,명란마늘빵,https://ottogi.okitchen.co.kr/pds/upfile/2022-11-22_346896494[1].jpg,"['프레스코 명란오일5T(75g), 골드 마요네스4T(40g), 연유3T(45g), 미니바게트200g, 파슬리가루1t(0.3g), 다진 마늘50g, 백설탕1T(10g)']",510.25,94.75,7.7,15.02
디저트,https://ottogi.okitchen.co.kr/category/detail.asp?page=1&s_cate1=1&s_cate2=6&s_orderby=new&idx=1330,솔티드 딸바 크레페,https://ottogi.okitchen.co.kr/pds/upfile/2022-07-28_115060389[1].jpg,"['핫케이크가루1/2봉(250g), 솔티드카라멜시럽60g, 딸기9개(25gX9), 바나나2개(80gX2), 우유200ml, 달걀1개(50g), 슈가파우더약간, 프레스코 카놀라유약간']",,116.48,5.45,372.53
디저트,https://ottogi.okitchen.co.kr/category/detail.asp?page=1&s_cate1=1&s_cate2=6&s_orderby=new&idx=1323,치즈인절미토스트,https://ottogi.okitchen.co.kr/pds/upfile/2022-07-01_786638811[23].jpg,"['오뚜기 요리용꿀 2T, 오뚜기 라망 슈레드치즈 1/2봉, 인절미 5조각, 오뚜기 잣 호두 율무차 1봉, 식빵 2장, 아몬드 슬라이스 1/2T']",438.5,83.4,12.5,6.5
디저트,https://ottogi.okitchen.co.kr/category/detail.asp?page=1&s_cate1=1&s_cate2=6&s_orderby=new&idx=1320,치즈감자호떡,https://ottogi.okitchen.co.kr/pds/upfile/2022-07-01_786638811[17].jpg,"['초간편 감자전믹스 1/2봉(100g), 찹쌀호떡믹스 1팩(540g), 슈레드치즈 모짜렐라 1봉(70g), 차가운 물 300ml, 따뜻한 물 250ml, 프레스코 해바라기유 약간(20g)']",479.67,87.3,11.53,9.25
디저트,https://ottogi.okitchen.co.kr/category/detail.asp?page=1&s_cate1=1&s_cate2=6&s_orderby=new&idx=1313,딸기오믈렛,https://ottogi.okitchen.co.kr/pds/upfile/2022-07-01_786638811[3].jpg,"['핫케이크가루 1/2봉(250g), 딸기 12개(360g), 생크림 180ml, 계란\t1개(60g), 우유 135ml, 설탕 1T(10g), 프레스코 카놀라유 2T(20g)']",735.53,86.71,10.74,38.46
디저트,https://ottogi.okitchen.co.kr/category/detail.asp?page=1&s_cate1=1&s_cate2=6&s_orderby=new&idx=1304,전자레인지브라우니,https://ottogi.okitchen.co.kr/pds/upfile/2022-04-11_393995672[23].jpg,"['오뚜기 핫쵸코 1개 (20g), 오뚜기 쵸코 핫케이크믹스 30g, 밀크초콜릿 70g, 오뚜기 오메가3 버터 70g, 오뚜기 맛있는계란 1개, 우유 3T']",539.5,40.9,8,44.9
디저트,https://ottogi.okitchen.co.kr/category/detail.asp?page=1&s_cate1=1&s_cate2=6&s_orderby=new&idx=1291,핫쵸코무스케이크,https://ottogi.okitchen.co.kr/pds/upfile/2022-02-21_397338068[29].jpg,"['오뚜기 핫쵸코 5봉지(110g), 우유 450ml, 밀크초콜릿 30g, 전분가루 35g, 오뚜기 프레스코 카놀라유 약간, 코코아파우더 약간']",146.5,24.2,2.8,5.2
디저트,https://ottogi.okitchen.co.kr/category/detail.asp?page=1&s_cate1=1&s_cate2=6&s_orderby=new&idx=1281,달고나 라면땅,https://ottogi.okitchen.co.kr/pds/upfile/2022-02-21_397338068[9].jpg,"['오뚜기 스낵면1개(108g), 오뚜기 베이킹소다한 꼬집(0.8g), 설탕8T(40g), 오뚜기 오메가3 버터2t(10g)']",328.01,54.65,0.55,12
디저트,https://ottogi.okitchen.co.kr/category/detail.asp?page=1&s_cate1=1&s_cate2=6&s_orderby=new&idx=1271,누룽지초콜릿,https://ottogi.okitchen.co.kr/pds/upfile/2022-01-11_619427589[15].jpg,"['밀크초콜릿 140g, 오뚜기 옛날 구수한누룽지 1봉(60g)', '견과류']",980.4,133,9.6,44.6
분식,https://ottogi.okitchen.co.kr/category/detail.asp?page=1&s_cate1=1&s_cate2=7&s_orderby=new&idx=1383,베이컨 로제떡볶이,https://ottogi.okitchen.co.kr/pds/upfile/2023-05-26_944322754[3].jpg,"['프레스코스파게티소스 베이컨로제 100g, 쫄깃한 쌀떡볶이떡 200g, 대파 1/3대(30g), 중국식넓은당면 100g 20g, 직접갈아먹는통후추 약간, 삶은 메추리알 4알(40g), 베이컨 1장(18g), 마늘 1톨(5g), 양파 1/4개(50g), 맛있는 오리지널핫도그 1개(80g), 양배추 50g, 고추장 1t(3g), 우유 150ml, 물 100ml']",552.3,83.9,15.5,77.2
분식,https://ottogi.okitchen.co.kr/category/detail.asp?page=1&s_cate1=1&s_cate2=7&s_orderby=new&idx=1378,스모크 감자치즈볼,https://ottogi.okitchen.co.kr/pds/upfile/2023-04-11_489629280[3].jpg,"['직접갈아먹는 스모크페퍼솔트 2t(1g), 감자 2개(350g), 감자맛 전분 3T(15g), 라망 구워먹는 치즈 1/3개(40g), 프레스코 카놀라유 유탕용, 퐄햄 1/2캔(100g)']",203.1,21.6,10.8,8.5
분식,https://ottogi.okitchen.co.kr/category/detail.asp?page=1&s_cate1=1&s_cate2=7&s_orderby=new&idx=1376,카레 치즈라면,https://ottogi.okitchen.co.kr/pds/upfile/2023-03-07_752536584[9].jpg,"['진라면 매운맛 1개(분말스프 1T), 3분카레(순한맛) 1봉, 슬라이스치즈 1장(20g), 물 550ml, 파슬리가루 약간']",337.2,102.96,20.54,24.84
분식,https://ottogi.okitchen.co.kr/category/detail.asp?page=1&s_cate1=1&s_cate2=7&s_orderby=new&idx=1374,돈까스 김밥,https://ottogi.okitchen.co.kr/pds/upfile/2023-03-07_752536584[5].jpg,"['등심돈까스 1개(100g), 참깨 돈까스소스 2T(30g), 오뚜기밥 1개(210g), 단무지 40g, 계란 2개, 생와사비 약간, 소금 1g, 고소한 참기름 1t(3g), 골드마요네스 1T(15g), 로메인 4장(40g), 식용유 약간(유탕용), 김밥용 김 2장(6g)']",392.61,50.93,10.44,13.08
분식,https://ottogi.okitchen.co.kr/category/detail.asp?page=1&s_cate1=1&s_cate2=7&s_orderby=new&idx=1368,만새강정,https://ottogi.okitchen.co.kr/pds/upfile/2023-02-24_1016200138[3].jpg,"['오즈키친 칠리새우 1봉, 쫄깃한 쌀떡볶이떡 110g, 양념치킨소스 3T(45g), X.O.미니군만두고기 150g, 견과류 약간']",637.75,80.05,18.6,26.92
분식,https://ottogi.okitchen.co.kr/category/detail.asp?page=1&s_cate1=1&s_cate2=7&s_orderby=new&idx=1366,칰햄스틱,https://ottogi.okitchen.co.kr/pds/upfile/2023-02-09_575674873[1].jpg,"['칰햄 오리지널 1캔(200g), 계란 2개, 튀김가루 60g, 빵가루 60g, 프레스코 압착올리브유 유탕용']",425.7,48.75,26.87,14.05
분식,https://ottogi.okitchen.co.kr/category/detail.asp?page=1&s_cate1=1&s_cate2=7&s_orderby=new&idx=1362,두부참치스테이크,https://ottogi.okitchen.co.kr/pds/upfile/2023-02-08_361906995[1].jpg,"['가벼운 참치 더마일드 2캔 참깨돈까스소스 1통(290g), 빵가루 150g, 양파 1/2개(100g), 브로콜리 1/4개(50g), 옛날 볶음참깨 1T(4g), 고소한 참기름 1T(10g), 계란 2개, 다진마늘 2t(10g), 대파 1대(50g), 소금 2t(4g),순후추 1g, 프레스코 카놀라유 200g, 두부 3/5모(300g)']",627.35,38.23,21.34,42.59
분식,https://ottogi.okitchen.co.kr/category/detail.asp?page=1&s_cate1=1&s_cate2=7&s_orderby=new&idx=1358,표고버섯양파토스트,https://ottogi.okitchen.co.kr/pds/upfile/2022-11-22_560625953[11].jpg,"['레드와인발사믹드레싱3T(45g), 순후추1t, 오메가3 버터2T(20g), 식빵4장(200g), 양파1개(200g), 슬라이스 치즈4장(80g), 표고버섯2개']",510.93,67,16.14,27.15
분식,https://ottogi.okitchen.co.kr/category/detail.asp?page=1&s_cate1=1&s_cate2=7&s_orderby=new&idx=1348,방울토마토소바,https://ottogi.okitchen.co.kr/pds/upfile/2022-11-22_560625401[3].jpg,"['다시마장국50ml, 방울토마토7개(120g), 옛날 메밀국수100g, 실파1줄기(5g), 다시마식초4T(40g), 김가루약간, 설탕2T(20g), (육수용) 차가운 물450ml, 소금약간, (절임용) 물2T(20g), 옛날 볶음참깨1t']",478.38,103.23,12.69,2.68
분식,https://ottogi.okitchen.co.kr/category/detail.asp?page=1&s_cate1=1&s_cate2=7&s_orderby=new&idx=1346,무떡볶이,https://ottogi.okitchen.co.kr/pds/upfile/2022-11-22_346896494[3].jpg,"['요리올리고당2T(20g), 무1/4개(300g), 쫄깃한 쌀떡볶이떡1봉(450g), 대파1대(70g), 설탕3T(40g), 소금2t(4g), 고춧가루6T(40g), 어묵3장(100g), 이금기 시즈닝 맛간장2T(20g), 양파1/2개(100g), 고소한 참기름2T, 물1/2컵(120ml)']",510.25,94.75,7.7,15.02
분식,https://ottogi.okitchen.co.kr/category/detail.asp?page=1&s_cate1=1&s_cate2=7&s_orderby=new&idx=1338,흑초만두탕수,https://ottogi.okitchen.co.kr/pds/upfile/2022-07-28_115060389[17].jpg,"['X.O미니 군만두 고기1/2봉(230g), 8년숙성흑초2T(20g), 이금기중화시즈닝맛간장1T(10g), 코코넛후레이크1/2T(5g), 고구마1개(100g), 파인애플1슬라이스(70g), 설탕1T(10g), 전분물(전분:물=1:2)2T(20g), 물2T(20g)']",482.45,51.45,11.87,25.92
분식,https://ottogi.okitchen.co.kr/category/detail.asp?page=1&s_cate1=1&s_cate2=7&s_orderby=new&idx=1333,카레고구마전,https://ottogi.okitchen.co.kr/pds/upfile/2022-07-28_115060389[7].jpg,"['오리지널카레파우더5g, 부침가루65g, 콩기름유탕용, 고구마1개(130g), 파슬리가루1g, 물95ml, 소금1g']",426.07,95.56,7.95,1.47
분식,https://ottogi.okitchen.co.kr/category/detail.asp?page=1&s_cate1=1&s_cate2=7&s_orderby=new&idx=1332,쭈꾸미밥버거,https://ottogi.okitchen.co.kr/pds/upfile/2022-07-28_115060389[5].jpg,"['오늘밥상1/4봉(30g), 밥친구(김자반)1봉(7g), 오징어낙지볶음양념, , 쭈꾸미1마리(65g), 계란1개(60g), 양파1/10개(20g), 슬라이스 치즈1장(20g), 대파1/8대(10g), 당근1/8개(20g), 맛있는 오뚜기밥1개(210g), 프레스코 카놀라유1T(10g), 적상추3장(20g), 옛날 볶음참깨1t']",701.3,87.5,24.15,28.64
분식,https://ottogi.okitchen.co.kr/category/detail.asp?page=1&s_cate1=1&s_cate2=7&s_orderby=new&idx=1328,미니 떡갈비 버거,https://ottogi.okitchen.co.kr/pds/upfile/2022-07-28_115059673[13].jpg,"['오즈키친 떡갈비2개, 슬라이스치즈2장(20gX2), 햄버거빵2개(60gX2)', '양파1/5개(40g), 양배추50g, 골드마요네스1T(15g), 계란2개(60gX2), 토마토케챂3T(45g), 오이1/8개(20g), 프레스코 카놀라유1T(15g)']",705.05,58.72,27.73,40.5
분식,https://ottogi.okitchen.co.kr/category/detail.asp?page=1&s_cate1=1&s_cate2=7&s_orderby=new&idx=1320,치즈감자호떡,https://ottogi.okitchen.co.kr/pds/upfile/2022-07-01_786638811[17].jpg,"['초간편 감자전믹스 1/2봉(100g), 찹쌀호떡믹스 1팩(540g), 슈레드치즈 모짜렐라 1봉(70g), 차가운 물 300ml, 따뜻한 물 250ml, 프레스코 해바라기유 약간(20g)']",479.67,87.3,11.53,9.25
분식,https://ottogi.okitchen.co.kr/category/detail.asp?page=1&s_cate1=1&s_cate2=7&s_orderby=new&idx=1293,야끼소바빵,https://ottogi.okitchen.co.kr/pds/upfile/2022-04-11_393995672[1].jpg,"['철판뽀끼1개, 당근1/4, (50g), 오뚜기 식용유1T(10g), 고추1개(10g), 핫도그 번(또는 모닝빵4개)2개, 마요네즈2T, (20g), 베이컨1줄(20g), 초생강약간']",648.925,77.585,13.7,31.715
분식,https://ottogi.okitchen.co.kr/category/detail.asp?page=1&s_cate1=1&s_cate2=7&s_orderby=new&idx=1279,케챂곤약국물떡볶이,https://ottogi.okitchen.co.kr/pds/upfile/2022-02-21_397338068[5].jpg,"['1/2하프케챂45g, 오뚜기 순후추약간, 굴소스1t(5g), 고추장1T, (20g), 곤약200g, 양배추1장(40g), 어묵1장(40g), 대파1/3대(40g), 양파1/6개(35g), 오뚜기 다시마식초1t(5g), 다진 마늘1t(3g), 물300ml']",69.11,13.52,4.13,0.63
분식,https://ottogi.okitchen.co.kr/category/detail.asp?page=1&s_cate1=1&s_cate2=7&s_orderby=new&idx=1257,주꾸미 떡볶이,https://ottogi.okitchen.co.kr/pds/upfile/2021-11-17_589044872[3].jpg,"['오뚜기 오쉐프 우리쌀 떡볶이떡 150g, 어묵 1장, 대파 1/2대, 주꾸미 5마리, 오뚜기 프레스코 카놀라유 1T', '슈레드 모짜렐라치즈', '오뚜기 떡볶이 소스 60g, 물 120ml']",396.3,73.8,17.3,2.3
분식,https://ottogi.okitchen.co.kr/category/detail.asp?page=1&s_cate1=1&s_cate2=7&s_orderby=new&idx=1255,닭고기 케밥,https://ottogi.okitchen.co.kr/pds/upfile/2021-11-17_375245298[1].jpg,"['닭가슴살 1덩어리 (150g), 피망 1개, 양상추 3장, 슬라이스 치즈 1장, 오뚜기 고소한 쌀 또띠아 2장, 오뚜기 허니머스타드소스 2T, 오뚜기 골드 마요네스 1T, 오뚜기 미향 1/2T, 소금 1/2t, 후추 1/2t', '차지키소스 : 요거트 150ml, 오이 ½개 다진 것, 레몬즙 1t, 올리브오일 3t, 소금 1/2t, 후추 1/3t, 바질가루 1t, 다진마늘 1t (기호에 따라 오뚜기 스위트칠리소스 또는 타바스코 스리라차를 더해도 좋다.)']",201.5,21.1,11.1,16.4
분식,https://ottogi.okitchen.co.kr/category/detail.asp?page=1&s_cate1=1&s_cate2=7&s_orderby=new&idx=1253,파채무침 부침개,https://ottogi.okitchen.co.kr/pds/upfile/2021-11-12_593750546[5].jpg,"['대패 삼겹살12줄, 파채200g, 바로무쳐먹는 파채 양념1봉(90g), 부침가루30g']",361.4,25.2,14.9,21.6
샐러드,https://ottogi.okitchen.co.kr/category/detail.asp?page=1&s_cate1=1&s_cate2=77&s_orderby=new&idx=1428,창녕갈릭 양배추 샐러드,https://ottogi.okitchen.co.kr/pds/upfile/2023-08-30_789447777[3].jpg,"['양배추 100g, 창녕갈릭소이소스 25g']",62,14.3,2,0.1
샐러드,https://ottogi.okitchen.co.kr/category/detail.asp?page=1&s_cate1=1&s_cate2=77&s_orderby=new&idx=1427,창녕갈릭 닭가슴살 샐러드,https://ottogi.okitchen.co.kr/pds/upfile/2023-08-30_789447777[1].jpg,"['양상추 및 로메인 60g, 파프리카 1/2개, 방울토마토 3개, 닭가슴살 60g, 창녕갈릭소이소스 25g, 슬라이스 올리브 약간']",211.25,19.79,21.1,5.77
샐러드,https://ottogi.okitchen.co.kr/category/detail.asp?page=1&s_cate1=1&s_cate2=77&s_orderby=new&idx=1382,토마토김치,https://ottogi.okitchen.co.kr/pds/upfile/2023-04-21_52700194[3].jpg,"['토마토 1개(235g), 옛날 볶음참깨 약간, 양파 1/4개(50g), 쪽파 2줄기(15g), 오늘밥상 바로 무쳐먹는 겉절이양념 1봉(90g)']",141.4,29.6,3.8,1.5
샐러드,https://ottogi.okitchen.co.kr/category/detail.asp?page=1&s_cate1=1&s_cate2=77&s_orderby=new&idx=1369,회오리 오이무침,https://ottogi.okitchen.co.kr/pds/upfile/2023-02-24_1016200138[5].jpg,"['오이 1개(260g), 꽃소금 2/3T(5g), 대파 1/4대(20g), 양파 1/4개(50g), 옛날 볶음참깨 약간, 겉절이양념 1봉(90g), 고소한 참기름 1/2T']",163.61,28.64,4.04,4.26
샐러드,https://ottogi.okitchen.co.kr/category/detail.asp?page=1&s_cate1=1&s_cate2=77&s_orderby=new&idx=1348,방울토마토소바,https://ottogi.okitchen.co.kr/pds/upfile/2022-11-22_560625401[3].jpg,"['다시마장국50ml, 방울토마토7개(120g), 옛날 메밀국수100g, 실파1줄기(5g), 다시마식초4T(40g), 김가루약간, 설탕2T(20g), (육수용) 차가운 물450ml, 소금약간, (절임용) 물2T(20g), 옛날 볶음참깨1t']",478.38,103.23,12.69,2.68
샐러드,https://ottogi.okitchen.co.kr/category/detail.asp?page=1&s_cate1=1&s_cate2=77&s_orderby=new&idx=1335,케이준치킨샐러드,https://ottogi.okitchen.co.kr/pds/upfile/2022-07-28_115060389[11].jpg,"['오즈키친 크리스피치킨1/2봉(250g), 허니머스타드3T(40g), 홀그레인머스타드3T(40g), 양상추1/2개(170g), 치커리4장(25g), 방울토마토5개(80g), 파프리카1개(100g), 골드마요네스4T(60g), 올리고당4T(60g), 사과식초1T(5g)']",364.19,333.43,8.8,22.97
샐러드,https://ottogi.okitchen.co.kr/category/detail.asp?page=1&s_cate1=1&s_cate2=77&s_orderby=new&idx=1303,유자고구마샐러드,https://ottogi.okitchen.co.kr/pds/upfile/2022-04-11_393995672[21].jpg,"['고구마 2개, 방울토마토 2개. 양파 1/6개, 샐러리 ½대, 아임스틱 유자차 2EA, 오뚜기 프레스코 올리브유 2T, 소금 1/2t, 부라타치즈 1개']",506.8,48.2,6.1,31.8
샐러드,https://ottogi.okitchen.co.kr/category/detail.asp?page=1&s_cate1=1&s_cate2=77&s_orderby=new&idx=1249,곤약 샐러드볼,https://ottogi.okitchen.co.kr/pds/upfile/2021-11-12_593749891[7].jpg,"['오뮤 곤라이스 귀리잡곡1개(130g), 미니 밤호박1/2개, 모둠 샐러드 채소80g, 오뚜기 프레스코 압착 올리브유2T, 방울토마토6개, 오뚜기 순후추약간, 익힌 병아리콩60g, 소금약간, 정통 오리엔탈 드레싱4T, 미니 새송이버섯60g']",409.3,38.5,12.3,24.2
샐러드,https://ottogi.okitchen.co.kr/category/detail.asp?page=1&s_cate1=1&s_cate2=77&s_orderby=new&idx=1215,참깨우동 샐러드,https://ottogi.okitchen.co.kr/pds/upfile/2021-07-29_187311032[7].jpg,"['냉장참깨드레싱4큰술, 우동면사리190g1개, 냉동 새우30g, 방울 토마토4~5개, 베이비 채소 20g, 브로콜리30g']",88.1,16.9,3.6,0.3
샐러드,https://ottogi.okitchen.co.kr/category/detail.asp?page=1&s_cate1=1&s_cate2=77&s_orderby=new&idx=1207,당근 라페,https://ottogi.okitchen.co.kr/pds/upfile/2021-07-29_187310121[9].jpg,"['당근2개, 소금0.5T, 오뚜기 프레스코 압착 올리브유2T, 오뚜기 홀그레인머스타드1T, 레몬즙2T, 설탕1T, 오뚜기 순후추적당량']",91.4,10.8,1,5.1
샐러드,https://ottogi.okitchen.co.kr/category/detail.asp?page=1&s_cate1=1&s_cate2=77&s_orderby=new&idx=1206,닭가슴살 냉채 샐러드,https://ottogi.okitchen.co.kr/pds/upfile/2021-07-29_187310121[7].jpg,"['연겨자1T, 양조식초 2T, 닭가슴살1쪽 , 피망1개, 양파1개, 오이1개, 방울 토마토 4~5개, 파프리카 다양한 색각1개씩, 설탕1T, 간장1T, 소금약간, 통후추약간']",187.9,12.9,14.4,8.9
샐러드,https://ottogi.okitchen.co.kr/category/detail.asp?page=1&s_cate1=1&s_cate2=77&s_orderby=new&idx=1168,콥샐러드,https://ottogi.okitchen.co.kr/pds/upfile/2021-04-30_393921116[21].jpg,"['오뚜기 참치1캔[100g], 오뚜기 스위트콘3T, 아보카도1/2개, 블랙올리브3T', '오뚜기 맛있는계란2개, 양상추2장, 오뚜기 코울슬로드레싱4T, 방울토마토10개']",285.8,23.8,10.7,17.2
샐러드,https://ottogi.okitchen.co.kr/category/detail.asp?page=1&s_cate1=1&s_cate2=77&s_orderby=new&idx=1099,블루베리쨈 샐러드,https://ottogi.okitchen.co.kr/pds/upfile/2020-10-22_1018444906[5].jpg,"['오뚜기 프레스코 마카로니 30g, 사과 1개, 방울토마토 8개', '아몬드 슬라이스 2T, 오뚜기 프레스코 압착 올리브유 1t, 샐러드 채소 약간, 소금 1T', '오뚜기 블루베리쨈 1.5T, 오뚜기 골드 마요네스 3T, 오뚜기 현미식초 2t']",222.5,18.4,1.4,16.2
샐러드,https://ottogi.okitchen.co.kr/category/detail.asp?page=1&s_cate1=1&s_cate2=77&s_orderby=new&idx=1093,햄버그 스테이크 샐러드,https://ottogi.okitchen.co.kr/pds/upfile/2020-08-25_427865954[15].jpg,"['오뚜기 데미글라스 햄버그스테이크 1봉, 샐러드용 채소 100g']",182.5,11.5,14,9.2
샐러드,https://ottogi.okitchen.co.kr/category/detail.asp?page=1&s_cate1=1&s_cate2=77&s_orderby=new&idx=1087,토마토 냉파스타,https://ottogi.okitchen.co.kr/pds/upfile/2020-08-25_427865954[3].jpg,"['오뚜기 프레스코 후실리 30g, 오뚜기 프레스코 펜네 30g, 오뚜기 순 토마토퓨레 4T, 오뚜기 벌꿀아카시아 1T, 소금 1/2t, 방울토마토 3개, 브로콜리 3개, 블랙올리브 3개, 파마산치즈가루 1t']",67.5,11.4,3.8,0.8
샐러드,https://ottogi.okitchen.co.kr/category/detail.asp?page=1&s_cate1=1&s_cate2=77&s_orderby=new&idx=1085,토마토 치즈 샐러드,https://ottogi.okitchen.co.kr/pds/upfile/2020-08-25_427863666[19].jpg,"['오뚜기 레드와인발사믹드레싱 1T, 토마토 1/2개, 샐러드용 채소 80g, 오뚜기 스트링치즈 파마산 1개(20g), 오뚜기 스트링치즈 플레인1개(20g)']",112.2,6.7,1.3,9.3
샐러드,https://ottogi.okitchen.co.kr/category/detail.asp?page=1&s_cate1=1&s_cate2=77&s_orderby=new&idx=1058,오이피클,https://ottogi.okitchen.co.kr/pds/upfile/2020-08-24_427853121[5].jpg,"['오이 1개, 무 1/8개, 레몬 1/3개, 당근 1/3개, 설탕 145g, 오뚜기 화이트식초 180g, 소금 1/2T, 오뚜기 베이킹소다 1T, 물 350ml']",61,14.7,0.3,0.2
샐러드,https://ottogi.okitchen.co.kr/category/detail.asp?page=1&s_cate1=1&s_cate2=77&s_orderby=new&idx=1054,연어샐러드,https://ottogi.okitchen.co.kr/pds/upfile/2020-08-24_427850333[27].jpg,"['오뚜기 홀스래디쉬 2T, 샐러드용 채소 60g, 생연어 100g, 레몬 1/8개, 양파 1/4개']",274,8.4,23.3,16.8
샐러드,https://ottogi.okitchen.co.kr/category/detail.asp?page=1&s_cate1=1&s_cate2=77&s_orderby=new&idx=1053,에그마요 샌드위치,https://ottogi.okitchen.co.kr/pds/upfile/2020-08-24_427850333[25].jpg,"['오뚜기 갈릭 아이올리소스 40g, 오뚜기 맛있는계란 4개, 모닝빵 4개, 양파 1/2개']",281,11.7,7.2,22.7
음료,https://ottogi.okitchen.co.kr/category/detail.asp?page=1&s_cate1=1&s_cate2=8&s_orderby=new&idx=1275,유자그린티,https://ottogi.okitchen.co.kr/pds/upfile/2022-01-11_619427589[23].jpg,"['오뚜기 현미녹차 4개, 물 1L, 오뚜기 유자차 5T']",72.4,18.1,0.4,0
음료,https://ottogi.okitchen.co.kr/category/detail.asp?page=1&s_cate1=1&s_cate2=8&s_orderby=new&idx=1269,"다시마식초 음료 샘플러(귤,청포도,복숭아)",https://ottogi.okitchen.co.kr/pds/upfile/2022-01-11_619427589[11].jpg,"['오뚜기 다시마식초 (각)15ml, 물 또는 탄산수 (각)150ml, 귤 1개(50g), 아이스티 복숭아맛 1포(14g), 청포도 30g, 우유 230ml']",32.4,8.6,0.2,0
음료,https://ottogi.okitchen.co.kr/category/detail.asp?page=1&s_cate1=1&s_cate2=8&s_orderby=new&idx=1259,딸기 요거트,https://ottogi.okitchen.co.kr/pds/upfile/2021-11-17_589044872[11].jpg,"['아임스틱 딸기쨈 2T, 플레인 요거트 200ml, 딸기 2개', '애플민트잎']",101,16.1,3.2,2.7
음료,https://ottogi.okitchen.co.kr/category/detail.asp?page=1&s_cate1=1&s_cate2=8&s_orderby=new&idx=1220,더티 블러디메리,https://ottogi.okitchen.co.kr/pds/upfile/2021-09-03_177186357[5].jpg,"['토마토 케챂 800g6T, 타바스코 핫소스0.5t, 보드카40ml, 탄산수1컵, 얼음1컵, 소금약간, 후추가루약간, 허브 또는 샐러리약간']",0,0,0,0
음료,https://ottogi.okitchen.co.kr/category/detail.asp?page=1&s_cate1=1&s_cate2=8&s_orderby=new&idx=1067,진저라떼,https://ottogi.okitchen.co.kr/pds/upfile/2020-08-24_427854552[3].jpg,"['오뚜기 꿀생강차 (병) 1T, 시나몬가루 1/3T, 우유 200ml']",188.6,26.9,6.4,6.4
음료,https://ottogi.okitchen.co.kr/category/detail.asp?page=1&s_cate1=1&s_cate2=8&s_orderby=new&idx=1035,바나나식초,https://ottogi.okitchen.co.kr/pds/upfile/2020-08-23_214060951[17].jpg,"['오뚜기 8년숙성흑초 1병 [600ml], 흑설탕 3컵, 바나나 3개']",2.1,0.5,0,0
음료,https://ottogi.okitchen.co.kr/category/detail.asp?page=1&s_cate1=1&s_cate2=8&s_orderby=new&idx=23,딸기 아보카도 스무디,https://ottogi.okitchen.co.kr/pds/upfile/2020-08-21_833988909[9].jpg,"['아보카도 1/2개, 오뚜기 벌꿀아카시아 2T, 딸기 10개, 오뚜기 딸기쨈 2T, 얼음 5조각, (딸기용) 우유 200ml, (아보카도용) 우유 200ml']",307.4,51.4,9.2,7.6
기타,https://ottogi.okitchen.co.kr/category/detail.asp?page=1&s_cate1=1&s_cate2=9&s_orderby=new&idx=1372,감자 스프,https://ottogi.okitchen.co.kr/pds/upfile/2023-03-07_752536584[1].jpg,"['크림스프 1/2봉(40g) 감자 1개(200g), 파슬리가루 약간 물 500ml, 양파 1/2개(100g), 순후추 약간, 무염버터 1T(15g), 식빵 1/4장(15g), 설탕 1/2T(7g) 소금 1/2t(1g)']",181.38,27.48,3.12,6.77
기타,https://ottogi.okitchen.co.kr/category/detail.asp?page=1&s_cate1=1&s_cate2=9&s_orderby=new&idx=1371,콩나물전,https://ottogi.okitchen.co.kr/pds/upfile/2023-02-24_1016200138[9].jpg,"['바삭한 부침가루 100g, 삼겹살양파절임소스 6T(50g),콩나물 65g, 다진마늘 1t(6g), 당근 1/10개(20g), 부추 5g, 물 150ml, 청양고추 1개(10g), 프레스코 카놀라유 3T(30g), 고소한 참기름 1T(10g), 옛날 볶음참깨 1/2T(1g), 고춧가루 1t(1g), 소금 1/3t(1g)']",402.03,39.7,12.26,21.24
기타,https://ottogi.okitchen.co.kr/category/detail.asp?page=1&s_cate1=1&s_cate2=9&s_orderby=new&idx=1367,오이 샌드위치,https://ottogi.okitchen.co.kr/pds/upfile/2023-02-24_1016200138[1].jpg,"['오이 1/2개(130g), 꽃소금 1t(2g), 프레스코 압착올리브유 1t(3g), 직접 갈아먹는 통후추 약간, 골드 마요네스 3T(30g), 식빵 3장(90g)']",165.35,16.81,302.67,9.65
기타,https://ottogi.okitchen.co.kr/category/detail.asp?page=1&s_cate1=1&s_cate2=9&s_orderby=new&idx=1366,칰햄스틱,https://ottogi.okitchen.co.kr/pds/upfile/2023-02-09_575674873[1].jpg,"['칰햄 오리지널 1캔(200g), 계란 2개, 튀김가루 60g, 빵가루 60g, 프레스코 압착올리브유 유탕용']",425.7,48.75,26.87,14.05
기타,https://ottogi.okitchen.co.kr/category/detail.asp?page=1&s_cate1=1&s_cate2=9&s_orderby=new&idx=1365,연어 키쉬,https://ottogi.okitchen.co.kr/pds/upfile/2023-02-08_361907466[1].jpg,"['렌지에돌려먹는연어구이 1팩(60g), 애호박 1/3개(100g), 감자 1/3개(70g), 슈레드치즈 모짜렐라 1봉(70g), 달걀 노른자 1개 방울토마토 6개(66g), 프레스코 압착 올리브유 1T(10g) 소금 약간, 올리브바질참치 100g']",247.21,12.98,11.46,16.21
기타,https://ottogi.okitchen.co.kr/category/detail.asp?page=1&s_cate1=1&s_cate2=9&s_orderby=new&idx=1363,소고기토마토스튜,https://ottogi.okitchen.co.kr/pds/upfile/2023-02-08_361906995[3].jpg,"['지중해산토마토하이라이스 2조각(50g), 소고기(등심) 300g, 양파 1개(200g), 감자 1개(130g), 파프리카 1개(100g), 소금, 후추 약간, 다이스토마토(통조림) 60g 파슬리가루 약간, 프레스코 압착 올리브유  1T(15ml), 물 360ml, 바게트 빵 12조각(80g)']",625.99,39.24,21.51,41.12
기타,https://ottogi.okitchen.co.kr/category/detail.asp?page=1&s_cate1=1&s_cate2=9&s_orderby=new&idx=1362,두부참치스테이크,https://ottogi.okitchen.co.kr/pds/upfile/2023-02-08_361906995[1].jpg,"['가벼운 참치 더마일드 2캔 참깨돈까스소스 1통(290g), 빵가루 150g, 양파 1/2개(100g), 브로콜리 1/4개(50g), 옛날 볶음참깨 1T(4g), 고소한 참기름 1T(10g), 계란 2개, 다진마늘 2t(10g), 대파 1대(50g), 소금 2t(4g),순후추 1g, 프레스코 카놀라유 200g, 두부 3/5모(300g)']",627.35,38.23,21.34,42.59
기타,https://ottogi.okitchen.co.kr/category/detail.asp?page=1&s_cate1=1&s_cate2=9&s_orderby=new&idx=1358,표고버섯양파토스트,https://ottogi.okitchen.co.kr/pds/upfile/2022-11-22_560625953[11].jpg,"['레드와인발사믹드레싱3T(45g), 순후추1t, 오메가3 버터2T(20g), 식빵4장(200g), 양파1개(200g), 슬라이스 치즈4장(80g), 표고버섯2개']",510.93,67,16.14,27.15
기타,https://ottogi.okitchen.co.kr/category/detail.asp?page=1&s_cate1=1&s_cate2=9&s_orderby=new&idx=1356,참치무조림,https://ottogi.okitchen.co.kr/pds/upfile/2022-11-22_560625953[7].jpg,"['가벼운참치 라이트스탠다드2캔(135gX2), 무1개(1kg), 양파1개(200g), 청양고추3개(30g), 설탕1T(15g), 다진마늘2T(50g), 미향2T(20g), 굴소스2T(30g), 다진생강1/2t(3g), 고춧가루3T(21g), 순후추약간, 물1L, 멸치장국4T(40g), 고추장1T(25g), 옛날 볶음참깨약간, 향긋한 들기름2T']",296.18,34.56,17.98,10.56
기타,https://ottogi.okitchen.co.kr/category/detail.asp?page=1&s_cate1=1&s_cate2=9&s_orderby=new&idx=1354,참나물 퀘사디아,https://ottogi.okitchen.co.kr/pds/upfile/2022-11-22_560625953[3].jpg,"['소불고기양념 480G4T(35g), 참나물30줄기(30g), 쌀또띠아3장(40g), 슈레드치즈 모짜렐라2봉(140g), 양상추4장(50g), 방울토마토3개(30g), 다진 쇠고기150g, 양파1/4걔(50g), 골드 마요네스 5T(50g), 레몬즙1t(6g), 프레스코 카놀라유1T(10g)']",492.6,44.35,23.51,24.45
기타,https://ottogi.okitchen.co.kr/category/detail.asp?page=1&s_cate1=1&s_cate2=9&s_orderby=new&idx=1349,새둥지 잡채전,https://ottogi.okitchen.co.kr/pds/upfile/2022-11-22_560625401[5].jpg,"['옛날잡채(75g)1봉, 계란2개, 오뚜기카레 약간매운맛1/3t(1g), 부침가루50g, 고소한 참기름1T, 프레스코 카놀라유2T']",769.4,83.26,24.94,36.86
기타,https://ottogi.okitchen.co.kr/category/detail.asp?page=1&s_cate1=1&s_cate2=9&s_orderby=new&idx=1348,방울토마토소바,https://ottogi.okitchen.co.kr/pds/upfile/2022-11-22_560625401[3].jpg,"['다시마장국50ml, 방울토마토7개(120g), 옛날 메밀국수100g, 실파1줄기(5g), 다시마식초4T(40g), 김가루약간, 설탕2T(20g), (육수용) 차가운 물450ml, 소금약간, (절임용) 물2T(20g), 옛날 볶음참깨1t']",478.38,103.23,12.69,2.68
기타,https://ottogi.okitchen.co.kr/category/detail.asp?page=1&s_cate1=1&s_cate2=9&s_orderby=new&idx=1338,흑초만두탕수,https://ottogi.okitchen.co.kr/pds/upfile/2022-07-28_115060389[17].jpg,"['X.O미니 군만두 고기1/2봉(230g), 8년숙성흑초2T(20g), 이금기중화시즈닝맛간장1T(10g), 코코넛후레이크1/2T(5g), 고구마1개(100g), 파인애플1슬라이스(70g), 설탕1T(10g), 전분물(전분:물=1:2)2T(20g), 물2T(20g)']",482.45,51.45,11.87,25.92
기타,https://ottogi.okitchen.co.kr/category/detail.asp?page=1&s_cate1=1&s_cate2=9&s_orderby=new&idx=1336,케챂순두부에그인헬,https://ottogi.okitchen.co.kr/pds/upfile/2022-07-28_115060389[13].jpg,"['1/2하프케챂90g, 프레스코 압착 올리브유1T(10g), 간장1T(10g), 물200ml', '양파1/4개(50g), 페퍼론치노1개(1g), 다진 마늘1t(3g), 순두부1봉(350g), 닭가슴살1덩어리(100g), 팽이버섯1/3봉(50g), 방울토마토3개(45g), 페퍼론치노 홀2개(2g), 슬라이스 치즈1장(20g), 계란2개(60gX2), 소금약간, 순후추약간, 바질 잎4장']",372.34,17.76,33.73,17.96
기타,https://ottogi.okitchen.co.kr/category/detail.asp?page=1&s_cate1=1&s_cate2=9&s_orderby=new&idx=1332,쭈꾸미밥버거,https://ottogi.okitchen.co.kr/pds/upfile/2022-07-28_115060389[5].jpg,"['오늘밥상1/4봉(30g), 밥친구(김자반)1봉(7g), 오징어낙지볶음양념, , 쭈꾸미1마리(65g), 계란1개(60g), 양파1/10개(20g), 슬라이스 치즈1장(20g), 대파1/8대(10g), 당근1/8개(20g), 맛있는 오뚜기밥1개(210g), 프레스코 카놀라유1T(10g), 적상추3장(20g), 옛날 볶음참깨1t']",701.3,87.5,24.15,28.64
기타,https://ottogi.okitchen.co.kr/category/detail.asp?page=1&s_cate1=1&s_cate2=9&s_orderby=new&idx=1329,비어포크,https://ottogi.okitchen.co.kr/pds/upfile/2022-07-28_115060292[1].jpg,"['진라거200ml, 오겹살500g, 생마늘4쪽(12g)', '황설탕1/2T(6g), 양파1/4개(50g), 양배추50g, 당근1/4개(40g), 캐러웨이약간, 천일염1T(7g), 굵은 순후추1g']",913.34,30.16,40.7,66.09
기타,https://ottogi.okitchen.co.kr/category/detail.asp?page=1&s_cate1=1&s_cate2=9&s_orderby=new&idx=1328,미니 떡갈비 버거,https://ottogi.okitchen.co.kr/pds/upfile/2022-07-28_115059673[13].jpg,"['오즈키친 떡갈비2개, 슬라이스치즈2장(20gX2), 햄버거빵2개(60gX2)', '양파1/5개(40g), 양배추50g, 골드마요네스1T(15g), 계란2개(60gX2), 토마토케챂3T(45g), 오이1/8개(20g), 프레스코 카놀라유1T(15g)']",705.05,58.72,27.73,40.5
기타,https://ottogi.okitchen.co.kr/category/detail.asp?page=1&s_cate1=1&s_cate2=9&s_orderby=new&idx=1326,고구마에그샌드위치,https://ottogi.okitchen.co.kr/pds/upfile/2022-07-28_115059673[5].jpg,"['고구마1개(130g), 호밀빵4장(20gX4), 계란3개(60gX3), 소금1/2t(2g)', '스위트콘50g, 순후추약간, 1/2하프마요네스3.5T(50g)']",440.1,53.91,15.07,17.79
기타,https://ottogi.okitchen.co.kr/category/detail.asp?page=1&s_cate1=1&s_cate2=9&s_orderby=new&idx=1324,감바스알아히요,https://ottogi.okitchen.co.kr/pds/upfile/2022-07-28_115059673[1].jpg,"['프레스코 감바스150g, 방울 토마토5개(80g), 파스타소스', '생마늘12개(45g), 흰다리새우10마리(250g), 브로콜리4조각(60g), 순후추약간, 페퍼론치노3개(3g), 바게트빵8조각(98g), 프레스코 2T(20g), 파슬리가루약간, 압착 올리브유']",552.64,14.54,31.86,28.04
기타,https://ottogi.okitchen.co.kr/category/detail.asp?page=1&s_cate1=1&s_cate2=9&s_orderby=new&idx=1306,진라거치아바타,https://ottogi.okitchen.co.kr/pds/upfile/2022-04-11_393995672[27].jpg,"['진라거70 ml, 강력분100 g, 소금2.5 g, 드라이이스트2 g, 설탕5 g, 올리브오일5 g, 다진 블랙올리브2 g, 계란1개, 우유1T']",523.5,81.472,20.04,10.98
